﻿usn,name,father,college,branch,year,grade,rank,event,photo,signature,email,phone,gender
4GH16EC017,Dhanush C,Drone,,,,,,,,,,,
4GH16EC012,Chaman Jayaram,Drone,,,,,,,,,,,
4GH16EC015,Deepthi H K,Drone,,,,,,,,,,,
4GH16EC056,Vaishnavi J,Drone,,,,,,,,,,,
4GH16EC016,Dhanalakshmi M G,Drone,,,,,,,,,,,
4GH15EC054,Sumanth M,Drone,,,,,,,,,,,
4GH17EC405,Pooja B S,Drone,,,,,,,,,,,
4GH17EC408,Ranjitha P,Drone,,,,,,,,,,,
4GH16EC042,Rakshitha B H,Drone,,,,,,,,,,,
4GH16EC010,Bhoomika H K,Drone,,,,,,,,,,,
4GH15EC049,Shambavi M,Drone,,,,,,,,,,,
4GH16EC060,Anusha R,Drone,,,,,,,,,,,
4GH16EC031,Monika B M,Drone,,,,,,,,,,,
4GH16EC043,Ranjitha C R,Drone,,,,,,,,,,,
4GH16EC014,Darshan T L,Drone,,,,,,,,,,,
4GH17EC019,Manasa B L,Drone,,,,,,,,,,,
4GH17EC013,Janavi Raj,Drone,,,,,,,,,,,
4GH17EC031,Rakesh C P,Drone,,,,,,,,,,,
4GH17EC006,Bharath B N,Drone,,,,,,,,,,,
4YG16EC009,Konain Zoya,Drone,,,,,,,,,,,
4YG16EC010,Mariyam Fathima,Drone,,,,,,,,,,,
4YG16EC012,Meghana H S,Drone,,,,,,,,,,,
4YG16EC014,Mohseena Farzeen,Drone,,,,,,,,,,,
4RA18IS020,Suhas Kashyap,Drone,,,,,,,,,,,
4RA17CS044,Tarun Rayalu M,Drone,,,,,,,,,,,
4GH16EC045,Sahana P,Drone,,,,,,,,,,,
4GH16EC057,Vidya S N,Drone,,,,,,,,,,,
4GH16EC023,Jayashree B H,Drone,,,,,,,,,,,
4GH16EC044,Reema Suhani,Drone,,,,,,,,,,,
4GH16EC040,Rahmath Unnisa,Drone,,,,,,,,,,,
4GH16EC006,Ashika,Drone,,,,,,,,,,,
4GH16EC061,Chandana P,Drone,,,,,,,,,,,
4GH17EC049,Varshini B M,Drone,,,,,,,,,,,
4GH17EC012,Impana V T,Drone,,,,,,,,,,,
4GH17EC046,Sushmitha C N,Drone,,,,,,,,,,,
4GH17EC052,Yamuna H D,Drone,,,,,,,,,,,
4GH17EC027,Pooja H S,Drone,,,,,,,,,,,
4RA18EC001,Adeeb Naiyer,Drone,,,,,,,,,,,
,,,,,,,,,,,,,
,,,,,,,,,,,,,
,,,,,,,,,,,,,
,,,,,,,,,,,,,
,,,,,,,,,,,,,
,,,,,,,,,,,,,
,,,,,,,,,,,,,
,,,,,,,,,,,,,
,,,,,,,,,,,,,
,,,,,,,,,,,,,
,,,,,,,,,,,,,
,,,,,,,,,,,,,
,,,,,,,,,,,,,
,,,,,,,,,,,,,
,,,,,,,,,,,,,
,,,,,,,,,,,,,
,,,,,,,,,,,,,
,,,,,,,,,,,,,
,,,,,,,,,,,,,
,,,,,,,,,,,,,
,,,,,,,,,,,,,
,,,,,,,,,,,,,
,,,,,,,,,,,,,
,,,,,,,,,,,,,
,,,,,,,,,,,,,
,,,,,,,,,,,,,
,,,,,,,,,,,,,
,,,,,,,,,,,,,
,,,,,,,,,,,,,
,,,,,,,,,,,,,
,,,,,,,,,,,,,
,,,,,,,,,,,,,
,,,,,,,,,,,,,
,,,,,,,,,,,,,
,,,,,,,,,,,,,
,,,,,,,,,,,,,
,,,,,,,,,,,,,
,,,,,,,,,,,,,
