usn,name,father,college,branch,year,grade,rank,event,photo,signature,email,phone,gender
4MC16CS052,Sneha B Karanth,Flutter,,,,,,,,,,,
4MC16CS051,SiriSanjana N,Flutter,,,,,,,,,,,
4MC16CS037,Ranjitha D N,Flutter,,,,,,,,,,,
4MC16CS035,Rakshita  Chinnanagappa,Flutter,,,,,,,,,,,
4MC16CS020,Harshitha Priya K S,Flask Framework,,,,,,,,,,,
4MC15CS024,Kavya D N,Flutter,,,,,,,,,,,
4YG17CS016,Shamika B K,Flask Framework,,,,,,,,,,,
4YG17CS013,Sadiya Sultana,Flask Framework,,,,,,,,,,,
4YG17CS012,Rifa Afza,Flask Framework,,,,,,,,,,,
4YG16CS004,Darshan H R,Flutter,,,,,,,,,,,
4RA16CS049,Mohankumar M C,Flask Framework,,,,,,,,,,,
4RA14CS027,Harisha T,Flask Framework,,,,,,,,,,,
4GH18CS001,Anusha BN,Flask Framework,,,,,,,,,,,
4GH18CS002,Anusha M,Flask Framework,,,,,,,,,,,
4GH18CS003,Avinash K,Flask Framework,,,,,,,,,,,
4GH18CS019,Nischitha ,Flask Framework,,,,,,,,,,,
4GH18CS021,Pranav V Bharadwaj,Flask Framework,,,,,,,,,,,
4GH18CS023,Rachana S B,Flask Framework,,,,,,,,,,,
4GH18CS025,Rachitha M,Flask Framework,,,,,,,,,,,
4GH18CS026,Rakshitha G S,Flask Framework,,,,,,,,,,,
4GH18CS029,Sakshi T,Flask Framework,,,,,,,,,,,
4GH18CS037,Srusti H U,Flask Framework,,,,,,,,,,,
4GH18CS040,Suma N M,Flask Framework,,,,,,,,,,,
4GH18CS035,Shwetha ,Flask Framework,,,,,,,,,,,
4GH18CS044,Vidyashree U,Flask Framework,,,,,,,,,,,
4GH18CS011,Jayanth Kumar S,Flutter,,,,,,,,,,,
4GH18CS024,Rachita K G,Flutter,,,,,,,,,,,
4GH18CS031,Sheeba Suhani,Flutter,,,,,,,,,,,
4GH18CS032,Shilpa H ,Flutter,,,,,,,,,,,
4GH17CS005,Akshatha D S,Flask Framework,,,,,,,,,,,
4GH17CS009,ANILKUMAR K S,Flask Framework,,,,,,,,,,,
4GH18CS400,Anusha S M,Flask Framework,,,,,,,,,,,
4GH17CS017,Greeshma K S,Flask Framework,,,,,,,,,,,
4GH17CS020,Kavya N,Flask Framework,,,,,,,,,,,
4GH17CS023,Manoj  B O,Flask Framework,,,,,,,,,,,
4GH17CS030,Naveeni Kumari A R,Flask Framework,,,,,,,,,,,
4GH17CS034,Renukaprasad M L,Flask Framework,,,,,,,,,,,
4GH17CS037,Sachin C L,Flask Framework,,,,,,,,,,,
4GH16CS045,Salavuddin S K,Flask Framework,,,,,,,,,,,
4GH17CS042,Shobha H R,Flask Framework,,,,,,,,,,,
4GH17CS045,Sowndarya Bai S R,Flask Framework,,,,,,,,,,,
4GH17CS046,Sushmitha M S ,Flask Framework,,,,,,,,,,,
4GH17CS048,Tejaswini K R,Flask Framework,,,,,,,,,,,
4GH17CS007,Amreeza B A,Flutter,,,,,,,,,,,
4GH17CS008,Anagha Shenoy R,Flutter,,,,,,,,,,,
4GH17CS010,Archana,Flutter,,,,,,,,,,,
4GH17CS011,Bhavana P,Flutter,,,,,,,,,,,
4GH16CS007,Bhavyashree H M,Flutter,,,,,,,,,,,
4GH18CS402,Chandini G K,Flutter,,,,,,,,,,,
4GH17CS015,Deepika S N,Flutter,,,,,,,,,,,
4GH17CS055,Impana A S ,Flutter,,,,,,,,,,,
4GH16CS020,Kavitha Nadig B D,Flutter,,,,,,,,,,,
4GH17CS019,Kavya B V,Flutter,,,,,,,,,,,
4GH18CS405,Kavya S K,Flutter,,,,,,,,,,,
4GH17CS024,Megha P,Flutter,,,,,,,,,,,
4GH17CS025,MEGHANA B R,Flutter,,,,,,,,,,,
4GH17CS026,Meghana H M,Flutter,,,,,,,,,,,
4GH17CS027,Meghana S V,Flutter,,,,,,,,,,,
4GH17CS028,Minchu K R,Flutter,,,,,,,,,,,
4GH17CS031,Poojitha L D,Flutter,,,,,,,,,,,
4GH17CS032,Rachana S V,Flutter,,,,,,,,,,,
4GH17CS033,Rakshitha K M,Flutter,,,,,,,,,,,
4GH17CS035,ROHINI A M,Flutter,,,,,,,,,,,
4GH17CS036,Roopashree C S,Flutter,,,,,,,,,,,
4GH17CS039,Sameeksha M T ,Flutter,,,,,,,,,,,
4GH17CS040,Shilpa H M,Flutter,,,,,,,,,,,
4GH17CS041,Shilpa H V ,Flutter,,,,,,,,,,,
4GH17CS050,Vandana R,Flutter,,,,,,,,,,,
4GH16CS005,Archana N,Flask Framework,,,,,,,,,,,
4GH16CS008,Charan R P,Flask Framework,,,,,,,,,,,
4GH16CS012,Dimpa N P,Flask Framework,,,,,,,,,,,
4GH15CS023,H S Shalini,Flask Framework,,,,,,,,,,,
4GH16CS021,Kavya H N,Flask Framework,,,,,,,,,,,
4GH16CS027,Malashree H,Flask Framework,,,,,,,,,,,
4GH14CS018,Manjesh H N,Flask Framework,,,,,,,,,,,
4GH16CS029,Meghana M C,Flask Framework,,,,,,,,,,,
4GH16CS060,Pavithra M R,Flask Framework,,,,,,,,,,,
4GH16CS013,Divyashree B C,Flutter,,,,,,,,,,,
4GH16CS018,Hemalatha D,Flutter,,,,,,,,,,,
4GH16CS022,KAVYA S N,Flutter,,,,,,,,,,,
4GH16CS031,Nagashree B S,Flutter,,,,,,,,,,,
4GH16CS033,Nayana P,Flutter,,,,,,,,,,,
4GH16CS038,Pooja K N,Flutter,,,,,,,,,,,
4GH16CS039,Preethi K,Flutter,,,,,,,,,,,
4GH16CS040,PUSHPALATHA L ,Flutter,,,,,,,,,,,
4GH16CS053,Sonu B V,Flutter,,,,,,,,,,,
4GH16CS054,Soundarya S,Flutter,,,,,,,,,,,
4GH15CS030,Lakshmi S,Flask Framework,,,,,,,,,,,
4GH16CS041,Rachana H G,Flask Framework,,,,,,,,,,,
